{"sensor": "","wind_speed": 32.000000,"wind_direction": 212.000000}{"sensor": "","wind_speed": 32.000000,"wind_direction": 212.000000}{"sensor": "","wind_speed": 32.000000,"wind_direction": 212.000000}{"sensor": "","wind_speed": 32.000000,"wind_direction": 212.000000}{"sensor": "","wind_speed": 32.000000,"wind_direction": 212.000000}{"sensor": "","wind_speed": 32.000000,"wind_direction": 212.000000}{"sensor": "","wind_speed": 32.000000,"wind_direction": 212.000000}{"sensor": "","wind_speed": 32.000000,"wind_direction": 212.000000}{"sensor": "","wind_speed": 32.000000,"wind_direction": 212.000000}{"sensor": "","wind_speed": 32.000000,"wind_direction": 212.000000}{"sensor": "","wind_speed": 32.000000,"wind_direction": 212.000000}